date,category,region,sales,profit
2025-02-01,Electronics,East,42905,3339.41
2025-02-01,Electronics,West,49598,5890.13
2025-02-01,Electronics,North,15628,1326.57
2025-02-01,Clothing,East,7717,1691.37
2025-02-01,Clothing,West,36741,2635.6
2025-02-01,Clothing,North,28651,1660.2
2025-02-01,Groceries,East,7140,747.27
2025-02-01,Groceries,West,34118,6840.82
2025-02-01,Groceries,North,37781,3767.12
2025-02-02,Electronics,East,43590,9822.19
2025-02-02,Electronics,West,28493,2994.9
2025-02-02,Electronics,North,39618,4736.24
2025-02-02,Clothing,East,1425,341.58
2025-02-02,Clothing,West,11463,2573.84
2025-02-02,Clothing,North,23298,2783.36
2025-02-02,Groceries,East,15110,4371.37
2025-02-02,Groceries,West,23059,1742.17
2025-02-02,Groceries,North,25898,1921.09
2025-02-03,Electronics,East,23541,4730.13
2025-02-03,Electronics,West,3847,894.17
2025-02-03,Electronics,North,36142,2934.97
2025-02-03,Clothing,East,25807,1798.75
2025-02-03,Clothing,West,20213,5201.84
2025-02-03,Clothing,North,41535,11271.06
2025-02-03,Groceries,East,24700,4800.15
2025-02-03,Groceries,West,47174,3179.0
2025-02-03,Groceries,North,44336,4742.82
2025-02-04,Electronics,East,19965,5915.74
2025-02-04,Electronics,West,16256,4334.19
2025-02-04,Electronics,North,25911,3096.19
2025-02-04,Clothing,East,42660,11028.79
2025-02-04,Clothing,West,11659,1661.93
2025-02-04,Clothing,North,14730,3204.42
2025-02-04,Groceries,East,46994,13353.99
2025-02-04,Groceries,West,43469,2949.4
2025-02-04,Groceries,North,42613,3953.83
2025-02-05,Electronics,East,48784,5424.91
2025-02-05,Electronics,West,31294,4533.37
2025-02-05,Electronics,North,42943,9535.08
2025-02-05,Clothing,East,15392,3404.0
2025-02-05,Clothing,West,4665,500.38
2025-02-05,Clothing,North,3103,779.66
2025-02-05,Groceries,East,27290,3191.16
2025-02-05,Groceries,West,14826,4125.84
2025-02-05,Groceries,North,38170,10271.24
2025-02-06,Electronics,East,21622,2230.45
2025-02-06,Electronics,West,33717,5020.73
2025-02-06,Electronics,North,43129,7103.91
2025-02-06,Clothing,East,18359,1558.82
2025-02-06,Clothing,West,49823,9483.41
2025-02-06,Clothing,North,18219,4313.41
2025-02-06,Groceries,East,29077,7980.35
2025-02-06,Groceries,West,27175,3818.06
2025-02-06,Groceries,North,10065,1785.35
2025-02-07,Electronics,East,6957,1662.34
2025-02-07,Electronics,West,8185,722.0
2025-02-07,Electronics,North,11484,2848.26
2025-02-07,Clothing,East,28666,5707.47
2025-02-07,Clothing,West,26216,3811.93
2025-02-07,Clothing,North,31674,5773.49
2025-02-07,Groceries,East,37256,9880.1
2025-02-07,Groceries,West,1752,385.56
2025-02-07,Groceries,North,8507,1875.18
2025-02-08,Electronics,East,36190,8603.07
2025-02-08,Electronics,West,43006,5807.7
2025-02-08,Electronics,North,20234,3210.96
2025-02-08,Clothing,East,30735,1561.69
2025-02-08,Clothing,West,48323,12997.11
2025-02-08,Clothing,North,18261,5349.96
2025-02-08,Groceries,East,12708,2248.3
2025-02-08,Groceries,West,7973,2133.81
2025-02-08,Groceries,North,20558,5353.66
2025-02-09,Electronics,East,34270,6930.85
2025-02-09,Electronics,West,11016,1580.56
2025-02-09,Electronics,North,11587,2141.8
2025-02-09,Clothing,East,35757,9998.49
2025-02-09,Clothing,West,40252,5274.58
2025-02-09,Clothing,North,2276,177.45
2025-02-09,Groceries,East,24788,6684.84
2025-02-09,Groceries,West,21153,2323.93
2025-02-09,Groceries,North,16785,4523.6
2025-02-10,Electronics,East,6161,439.98
2025-02-10,Electronics,West,32849,8343.84
2025-02-10,Electronics,North,35911,8671.02
2025-02-10,Clothing,East,9414,2023.42
2025-02-10,Clothing,West,37031,3380.25
2025-02-10,Clothing,North,35581,9539.56
2025-02-10,Groceries,East,28730,8363.04
2025-02-10,Groceries,West,36343,8679.3
2025-02-10,Groceries,North,46211,4634.4
2025-02-11,Electronics,East,21428,3208.8
2025-02-11,Electronics,West,45019,9565.17
2025-02-11,Electronics,North,29711,8167.66
2025-02-11,Clothing,East,30588,2454.72
2025-02-11,Clothing,West,15725,1037.95
2025-02-11,Clothing,North,2378,468.65
2025-02-11,Groceries,East,16080,3169.53
2025-02-11,Groceries,West,1471,99.66
2025-02-11,Groceries,North,42359,2741.41
2025-02-12,Electronics,East,5417,1497.02
2025-02-12,Electronics,West,22654,1534.0
2025-02-12,Electronics,North,16597,1985.32
2025-02-12,Clothing,East,32812,3397.98
2025-02-12,Clothing,West,9671,2232.44
2025-02-12,Clothing,North,38423,7456.1
2025-02-12,Groceries,East,16925,4166.17
2025-02-12,Groceries,West,27677,2701.34
2025-02-12,Groceries,North,7352,1578.81
2025-02-13,Electronics,East,24219,3775.61
2025-02-13,Electronics,West,31606,8405.91
2025-02-13,Electronics,North,4550,993.45
2025-02-13,Clothing,East,43348,3233.95
2025-02-13,Clothing,West,27386,6355.01
2025-02-13,Clothing,North,8161,915.37
2025-02-13,Groceries,East,13465,2478.52
2025-02-13,Groceries,West,10186,1583.62
2025-02-13,Groceries,North,19254,3189.56
2025-02-14,Electronics,East,5940,955.05
2025-02-14,Electronics,West,37066,2760.57
2025-02-14,Electronics,North,43738,13113.55
2025-02-14,Clothing,East,1967,574.85
2025-02-14,Clothing,West,16491,1510.21
2025-02-14,Clothing,North,32826,5591.57
2025-02-14,Groceries,East,27282,7519.21
2025-02-14,Groceries,West,11789,1706.38
2025-02-14,Groceries,North,26586,3091.97
2025-02-15,Electronics,East,30819,3738.72
2025-02-15,Electronics,West,46651,13497.51
2025-02-15,Electronics,North,37422,8063.24
2025-02-15,Clothing,East,32894,2917.67
2025-02-15,Clothing,West,20445,2134.97
2025-02-15,Clothing,North,4832,941.25
2025-02-15,Groceries,East,36533,2383.39
2025-02-15,Groceries,West,21552,1385.61
2025-02-15,Groceries,North,39284,6646.74
2025-02-16,Electronics,East,35807,3199.65
2025-02-16,Electronics,West,34281,2400.63
2025-02-16,Electronics,North,13178,884.64
2025-02-16,Clothing,East,5453,1193.13
2025-02-16,Clothing,West,16414,2477.59
2025-02-16,Clothing,North,38334,4276.3
2025-02-16,Groceries,East,39962,2395.14
2025-02-16,Groceries,West,6372,986.43
2025-02-16,Groceries,North,39251,7508.98
2025-02-17,Electronics,East,21733,6165.14
2025-02-17,Electronics,West,14386,3127.97
2025-02-17,Electronics,North,21590,2367.81
2025-02-17,Clothing,East,26938,2228.3
2025-02-17,Clothing,West,43303,5412.84
2025-02-17,Clothing,North,21720,6130.57
2025-02-17,Groceries,East,5754,301.1
2025-02-17,Groceries,West,41708,12496.28
2025-02-17,Groceries,North,7552,515.92
2025-02-18,Electronics,East,14969,2641.6
2025-02-18,Electronics,West,9680,2742.49
2025-02-18,Electronics,North,5508,1486.16
2025-02-18,Clothing,East,25217,3057.48
2025-02-18,Clothing,West,29716,7679.69
2025-02-18,Clothing,North,47107,5918.02
2025-02-18,Groceries,East,43858,7992.47
2025-02-18,Groceries,West,44769,11383.68
2025-02-18,Groceries,North,20620,5834.2
2025-02-19,Electronics,East,7788,2217.5
2025-02-19,Electronics,West,9800,1137.94
2025-02-19,Electronics,North,8014,1888.13
2025-02-19,Clothing,East,11187,1321.04
2025-02-19,Clothing,West,40638,4171.79
2025-02-19,Clothing,North,23471,2368.21
2025-02-19,Groceries,East,42565,11204.31
2025-02-19,Groceries,West,34122,5873.52
2025-02-19,Groceries,North,4329,316.34
2025-02-20,Electronics,East,28759,7400.76
2025-02-20,Electronics,West,3889,197.9
2025-02-20,Electronics,North,9573,2003.42
2025-02-20,Clothing,East,18167,1642.21
2025-02-20,Clothing,West,29956,5629.33
2025-02-20,Clothing,North,29028,5521.9
2025-02-20,Groceries,East,8331,573.26
2025-02-20,Groceries,West,46286,12774.11
2025-02-20,Groceries,North,36755,2168.8
2025-02-21,Electronics,East,25196,4929.03
2025-02-21,Electronics,West,10705,1685.47
2025-02-21,Electronics,North,3741,475.35
2025-02-21,Clothing,East,3614,992.88
2025-02-21,Clothing,West,14767,3256.37
2025-02-21,Clothing,North,44708,3384.32
2025-02-21,Groceries,East,37692,10215.8
2025-02-21,Groceries,West,27632,8108.87
2025-02-21,Groceries,North,11128,3131.87
2025-02-22,Electronics,East,16514,4395.22
2025-02-22,Electronics,West,12603,3407.27
2025-02-22,Electronics,North,2624,248.86
2025-02-22,Clothing,East,22770,5592.24
2025-02-22,Clothing,West,27982,7011.14
2025-02-22,Clothing,North,49172,12425.14
2025-02-22,Groceries,East,18485,1659.94
2025-02-22,Groceries,West,46958,3616.89
2025-02-22,Groceries,North,3537,936.06
2025-02-23,Electronics,East,15577,1556.04
2025-02-23,Electronics,West,31166,4282.66
2025-02-23,Electronics,North,15915,1682.71
2025-02-23,Clothing,East,44255,4349.49
2025-02-23,Clothing,West,22512,2693.58
2025-02-23,Clothing,North,5549,1618.77
2025-02-23,Groceries,East,19292,2658.18
2025-02-23,Groceries,West,34384,5154.84
2025-02-23,Groceries,North,36141,4799.07
2025-02-24,Electronics,East,2808,221.37
2025-02-24,Electronics,West,18118,1714.72
2025-02-24,Electronics,North,18397,1095.8
2025-02-24,Clothing,East,40096,6360.87
2025-02-24,Clothing,West,48745,12020.86
2025-02-24,Clothing,North,29599,5965.74
2025-02-24,Groceries,East,34516,2723.71
2025-02-24,Groceries,West,38787,3782.5
2025-02-24,Groceries,North,3908,887.88
2025-02-25,Electronics,East,1110,199.78
2025-02-25,Electronics,West,36287,8045.35
2025-02-25,Electronics,North,49624,11624.89
2025-02-25,Clothing,East,13912,1962.36
2025-02-25,Clothing,West,5585,1604.12
2025-02-25,Clothing,North,22639,4658.85
2025-02-25,Groceries,East,44475,11652.62
2025-02-25,Groceries,West,48169,13247.04
2025-02-25,Groceries,North,34234,4358.71
2025-02-26,Electronics,East,27764,3652.24
2025-02-26,Electronics,West,46692,5785.78
2025-02-26,Electronics,North,9341,915.04
2025-02-26,Clothing,East,44576,12708.21
2025-02-26,Clothing,West,45388,10758.48
2025-02-26,Clothing,North,12405,2529.12
2025-02-26,Groceries,East,20723,3139.92
2025-02-26,Groceries,West,1026,129.24
2025-02-26,Groceries,North,14774,2326.49
2025-02-27,Electronics,East,39009,7866.77
2025-02-27,Electronics,West,22118,3677.05
2025-02-27,Electronics,North,29977,6562.17
2025-02-27,Clothing,East,34500,5806.23
2025-02-27,Clothing,West,49231,4550.07
2025-02-27,Clothing,North,6557,793.05
2025-02-27,Groceries,East,44506,9267.72
2025-02-27,Groceries,West,22966,1684.48
2025-02-27,Groceries,North,16392,3576.72
2025-02-28,Electronics,East,15722,3956.3
2025-02-28,Electronics,West,10656,597.87
2025-02-28,Electronics,North,17046,5045.34
2025-02-28,Clothing,East,41060,10775.56
2025-02-28,Clothing,West,5772,945.77
2025-02-28,Clothing,North,42272,8197.29
2025-02-28,Groceries,East,48077,10773.51
2025-02-28,Groceries,West,33399,5006.95
2025-02-28,Groceries,North,10671,2283.75
2025-03-01,Electronics,East,1363,372.32
2025-03-01,Electronics,West,7985,1953.17
2025-03-01,Electronics,North,15341,1441.62
2025-03-01,Clothing,East,46607,8365.46
2025-03-01,Clothing,West,4291,812.51
2025-03-01,Clothing,North,8953,1469.33
2025-03-01,Groceries,East,31450,6821.33
2025-03-01,Groceries,West,37629,7483.02
2025-03-01,Groceries,North,30004,6095.71
2025-03-02,Electronics,East,48138,13141.92
2025-03-02,Electronics,West,28966,7462.87
2025-03-02,Electronics,North,36905,5959.36
2025-03-02,Clothing,East,11430,2696.5
2025-03-02,Clothing,West,32108,5218.11
2025-03-02,Clothing,North,17203,4472.19
2025-03-02,Groceries,East,19173,4629.39
2025-03-02,Groceries,West,35163,6018.12
2025-03-02,Groceries,North,16679,1978.95
2025-03-03,Electronics,East,6077,1387.9
2025-03-03,Electronics,West,16367,1930.14
2025-03-03,Electronics,North,21952,5998.53
2025-03-03,Clothing,East,6280,531.25
2025-03-03,Clothing,West,16155,2354.73
2025-03-03,Clothing,North,11014,2495.83
2025-03-03,Groceries,East,5209,800.71
2025-03-03,Groceries,West,22684,4211.35
2025-03-03,Groceries,North,28248,1852.12
2025-03-04,Electronics,East,28534,4205.03
2025-03-04,Electronics,West,39278,11253.76
2025-03-04,Electronics,North,2280,602.34
2025-03-04,Clothing,East,38728,5619.25
2025-03-04,Clothing,West,1386,395.96
2025-03-04,Clothing,North,20569,4903.01
2025-03-04,Groceries,East,28460,5252.44
2025-03-04,Groceries,West,49144,9166.98
2025-03-04,Groceries,North,40534,11124.67
2025-03-05,Electronics,East,32996,3459.81
2025-03-05,Electronics,West,29562,5067.24
2025-03-05,Electronics,North,26484,3549.71
2025-03-05,Clothing,East,45508,11355.87
2025-03-05,Clothing,West,48459,4422.43
2025-03-05,Clothing,North,31630,8852.78
2025-03-05,Groceries,East,41780,7667.92
2025-03-05,Groceries,West,26822,5310.04
2025-03-05,Groceries,North,44450,2523.67
2025-03-06,Electronics,East,43123,6776.92
2025-03-06,Electronics,West,31257,2982.93
2025-03-06,Electronics,North,18049,2613.06
2025-03-06,Clothing,East,14871,2434.01
2025-03-06,Clothing,West,23118,5555.43
2025-03-06,Clothing,North,25846,3090.26
2025-03-06,Groceries,East,28627,3236.79
2025-03-06,Groceries,West,6367,1066.96
2025-03-06,Groceries,North,36351,2290.89
2025-03-07,Electronics,East,23935,2538.44
2025-03-07,Electronics,West,5496,1348.21
2025-03-07,Electronics,North,43713,2625.6
2025-03-07,Clothing,East,3033,871.69
2025-03-07,Clothing,West,14065,3654.19
2025-03-07,Clothing,North,41719,3675.26
2025-03-07,Groceries,East,9272,1561.31
2025-03-07,Groceries,West,8496,1622.67
2025-03-07,Groceries,North,15284,2541.09
2025-03-08,Electronics,East,17793,4301.0
2025-03-08,Electronics,West,11996,2416.87
2025-03-08,Electronics,North,48078,3780.53
2025-03-08,Clothing,East,11732,3416.13
2025-03-08,Clothing,West,8084,1573.72
2025-03-08,Clothing,North,21444,4159.05
2025-03-08,Groceries,East,25596,3817.99
2025-03-08,Groceries,West,47859,4765.92
2025-03-08,Groceries,North,39803,8862.28
2025-03-09,Electronics,East,42106,4661.65
2025-03-09,Electronics,West,46691,11351.53
2025-03-09,Electronics,North,45843,9173.32
2025-03-09,Clothing,East,8933,2224.82
2025-03-09,Clothing,West,38088,9356.65
2025-03-09,Clothing,North,23754,4351.41
2025-03-09,Groceries,East,44353,6326.63
2025-03-09,Groceries,West,34158,7237.6
2025-03-09,Groceries,North,1829,479.92
2025-03-10,Electronics,East,33125,2530.24
2025-03-10,Electronics,West,24736,5167.26
2025-03-10,Electronics,North,31129,7060.9
2025-03-10,Clothing,East,29540,2777.77
2025-03-10,Clothing,West,35193,10254.13
2025-03-10,Clothing,North,18700,3814.39
2025-03-10,Groceries,East,36269,8837.32
2025-03-10,Groceries,West,31465,4999.59
2025-03-10,Groceries,North,48908,9689.59
2025-03-11,Electronics,East,22122,5816.5
2025-03-11,Electronics,West,6679,799.69
2025-03-11,Electronics,North,30543,3389.23
2025-03-11,Clothing,East,31455,6053.91
2025-03-11,Clothing,West,44790,6483.23
2025-03-11,Clothing,North,2880,499.9
2025-03-11,Groceries,East,22300,2128.76
2025-03-11,Groceries,West,14901,2066.86
2025-03-11,Groceries,North,17931,2422.2
2025-03-12,Electronics,East,40069,9027.38
2025-03-12,Electronics,West,19105,3609.85
2025-03-12,Electronics,North,34857,10004.5
2025-03-12,Clothing,East,6610,729.34
2025-03-12,Clothing,West,27635,4757.21
2025-03-12,Clothing,North,16749,3729.2
2025-03-12,Groceries,East,43329,9877.3
2025-03-12,Groceries,West,30371,7539.09
2025-03-12,Groceries,North,7098,877.02
2025-03-13,Electronics,East,27502,6131.48
2025-03-13,Electronics,West,21067,4550.26
2025-03-13,Electronics,North,25184,4238.85
2025-03-13,Clothing,East,35794,4865.81
2025-03-13,Clothing,West,49885,9358.28
2025-03-13,Clothing,North,24056,5429.77
2025-03-13,Groceries,East,18754,2375.3
2025-03-13,Groceries,West,16108,1291.28
2025-03-13,Groceries,North,13621,1755.57
2025-03-14,Electronics,East,49685,9140.35
2025-03-14,Electronics,West,46230,4451.37
2025-03-14,Electronics,North,15180,3562.0
2025-03-14,Clothing,East,19120,4419.52
2025-03-14,Clothing,West,35382,7048.01
2025-03-14,Clothing,North,7588,1958.9
2025-03-14,Groceries,East,20414,2181.66
2025-03-14,Groceries,West,12759,1602.11
2025-03-14,Groceries,North,47400,8699.5
2025-03-15,Electronics,East,18977,1164.79
2025-03-15,Electronics,West,4573,861.28
2025-03-15,Electronics,North,46705,13358.68
2025-03-15,Clothing,East,42803,11433.34
2025-03-15,Clothing,West,33170,2509.21
2025-03-15,Clothing,North,1803,348.91
2025-03-15,Groceries,East,31762,5389.33
2025-03-15,Groceries,West,23328,2241.61
2025-03-15,Groceries,North,4367,493.99
2025-03-16,Electronics,East,32308,2536.88
2025-03-16,Electronics,West,5282,793.23
2025-03-16,Electronics,North,5855,1137.36
2025-03-16,Clothing,East,45987,2915.68
2025-03-16,Clothing,West,10777,2724.27
2025-03-16,Clothing,North,20912,1490.93
2025-03-16,Groceries,East,17265,1374.52
2025-03-16,Groceries,West,28274,5699.46
2025-03-16,Groceries,North,41528,4419.48
2025-03-17,Electronics,East,35247,5114.15
2025-03-17,Electronics,West,30014,3731.89
2025-03-17,Electronics,North,39569,11772.09
2025-03-17,Clothing,East,21013,4037.8
2025-03-17,Clothing,West,4947,1001.31
2025-03-17,Clothing,North,49502,3703.17
2025-03-17,Groceries,East,14617,3016.64
2025-03-17,Groceries,West,18343,3945.71
2025-03-17,Groceries,North,11292,1241.74
2025-03-18,Electronics,East,37175,2556.38
2025-03-18,Electronics,West,1175,178.75
2025-03-18,Electronics,North,46178,9164.15
2025-03-18,Clothing,East,20087,1168.26
2025-03-18,Clothing,West,19881,4507.8
2025-03-18,Clothing,North,47070,12468.92
2025-03-18,Groceries,East,5664,1256.54
2025-03-18,Groceries,West,18337,4528.45
2025-03-18,Groceries,North,41963,8285.49
2025-03-19,Electronics,East,13964,2182.36
2025-03-19,Electronics,West,36688,3896.35
2025-03-19,Electronics,North,10764,2982.74
2025-03-19,Clothing,East,10321,700.31
2025-03-19,Clothing,West,11873,2946.37
2025-03-19,Clothing,North,39996,9488.63
2025-03-19,Groceries,East,38303,10736.26
2025-03-19,Groceries,West,29780,2414.81
2025-03-19,Groceries,North,46133,5813.81
2025-03-20,Electronics,East,27378,7821.05
2025-03-20,Electronics,West,33798,6252.47
2025-03-20,Electronics,North,29688,2081.44
2025-03-20,Clothing,East,3612,983.75
2025-03-20,Clothing,West,49138,6416.46
2025-03-20,Clothing,North,17408,982.96
2025-03-20,Groceries,East,16002,4648.23
2025-03-20,Groceries,West,38696,7614.63
2025-03-20,Groceries,North,2359,707.45
2025-03-21,Electronics,East,45058,11505.8
2025-03-21,Electronics,West,38764,2328.09
2025-03-21,Electronics,North,12481,2092.13
2025-03-21,Clothing,East,43697,7015.87
2025-03-21,Clothing,West,19229,1833.91
2025-03-21,Clothing,North,39360,6257.11
2025-03-21,Groceries,East,33225,9710.47
2025-03-21,Groceries,West,31802,4356.56
2025-03-21,Groceries,North,22843,2975.63
2025-03-22,Electronics,East,7855,2077.12
2025-03-22,Electronics,West,22614,3457.94
2025-03-22,Electronics,North,33471,4085.28
2025-03-22,Clothing,East,27244,6903.4
2025-03-22,Clothing,West,37051,2192.47
2025-03-22,Clothing,North,6771,870.95
2025-03-22,Groceries,East,22186,1752.26
2025-03-22,Groceries,West,27488,7318.07
2025-03-22,Groceries,North,1075,230.5
2025-03-23,Electronics,East,36559,6050.3
2025-03-23,Electronics,West,4552,441.07
2025-03-23,Electronics,North,24709,5081.62
2025-03-23,Clothing,East,33669,6947.67
2025-03-23,Clothing,West,4382,442.1
2025-03-23,Clothing,North,36993,3061.29
2025-03-23,Groceries,East,19876,3170.8
2025-03-23,Groceries,West,46760,8004.28
2025-03-23,Groceries,North,2891,847.89
2025-03-24,Electronics,East,40903,10218.73
2025-03-24,Electronics,West,47516,4257.17
2025-03-24,Electronics,North,37099,1981.78
2025-03-24,Clothing,East,27738,2033.26
2025-03-24,Clothing,West,8435,1394.83
2025-03-24,Clothing,North,8698,1843.34
2025-03-24,Groceries,East,11090,1936.25
2025-03-24,Groceries,West,47963,5897.79
2025-03-24,Groceries,North,47229,5589.85
2025-03-25,Electronics,East,32621,9625.19
2025-03-25,Electronics,West,16973,2786.91
2025-03-25,Electronics,North,10479,1528.85
2025-03-25,Clothing,East,40280,7131.99
2025-03-25,Clothing,West,9946,2645.7
2025-03-25,Clothing,North,19104,4645.5
2025-03-25,Groceries,East,28193,3805.18
2025-03-25,Groceries,West,34275,4003.09
2025-03-25,Groceries,North,1168,140.99
2025-03-26,Electronics,East,20566,5334.18
2025-03-26,Electronics,West,39005,11690.8
2025-03-26,Electronics,North,33089,8812.1
2025-03-26,Clothing,East,30264,5588.1
2025-03-26,Clothing,West,23618,3143.79
2025-03-26,Clothing,North,36614,5283.49
2025-03-26,Groceries,East,22088,5906.34
2025-03-26,Groceries,West,46711,5124.26
2025-03-26,Groceries,North,26098,2828.78
2025-03-27,Electronics,East,27920,1700.66
2025-03-27,Electronics,West,49804,8379.23
2025-03-27,Electronics,North,25984,3807.17
2025-03-27,Clothing,East,44495,11039.14
2025-03-27,Clothing,West,43730,12909.29
2025-03-27,Clothing,North,33461,9744.05
2025-03-27,Groceries,East,9273,1628.09
2025-03-27,Groceries,West,39678,5277.12
2025-03-27,Groceries,North,7577,2034.79
2025-03-28,Electronics,East,29855,2236.97
2025-03-28,Electronics,West,30945,1665.98
2025-03-28,Electronics,North,10447,1593.11
2025-03-28,Clothing,East,43911,12843.49
2025-03-28,Clothing,West,5903,988.0
2025-03-28,Clothing,North,18368,2473.07
2025-03-28,Groceries,East,46397,6930.36
2025-03-28,Groceries,West,6263,1646.8
2025-03-28,Groceries,North,45194,11968.98
2025-03-29,Electronics,East,25904,7474.21
2025-03-29,Electronics,West,42077,9664.22
2025-03-29,Electronics,North,32978,8841.26
2025-03-29,Clothing,East,3352,685.03
2025-03-29,Clothing,West,16385,3404.64
2025-03-29,Clothing,North,19833,5937.14
2025-03-29,Groceries,East,49940,3625.39
2025-03-29,Groceries,West,7451,1788.93
2025-03-29,Groceries,North,47130,12637.66
2025-03-30,Electronics,East,30076,2754.7
2025-03-30,Electronics,West,20625,5689.53
2025-03-30,Electronics,North,4014,526.21
2025-03-30,Clothing,East,4677,576.87
2025-03-30,Clothing,West,25565,4030.88
2025-03-30,Clothing,North,17003,3108.01
2025-03-30,Groceries,East,38088,8396.5
2025-03-30,Groceries,West,12800,1183.95
2025-03-30,Groceries,North,6175,1249.65
2025-03-31,Electronics,East,26070,5342.46
2025-03-31,Electronics,West,16783,2927.24
2025-03-31,Electronics,North,39217,3364.01
2025-03-31,Clothing,East,31221,6540.06
2025-03-31,Clothing,West,31118,3542.21
2025-03-31,Clothing,North,1615,443.68
2025-03-31,Groceries,East,31490,8669.27
2025-03-31,Groceries,West,45407,8475.2
2025-03-31,Groceries,North,5840,936.93
2025-04-01,Electronics,East,23646,7020.8
2025-04-01,Electronics,West,20605,4321.58
2025-04-01,Electronics,North,28807,6411.82
2025-04-01,Clothing,East,30939,8085.16
2025-04-01,Clothing,West,14055,4214.3
2025-04-01,Clothing,North,32667,2504.36
2025-04-01,Groceries,East,25993,5016.15
2025-04-01,Groceries,West,38670,4793.85
2025-04-01,Groceries,North,46827,5797.54
2025-04-02,Electronics,East,44137,6574.27
2025-04-02,Electronics,West,1530,292.97
2025-04-02,Electronics,North,45944,11236.89
2025-04-02,Clothing,East,4214,1170.03
2025-04-02,Clothing,West,49835,8680.35
2025-04-02,Clothing,North,19756,4819.18
2025-04-02,Groceries,East,16081,3244.6
2025-04-02,Groceries,West,24089,2523.35
2025-04-02,Groceries,North,13460,2762.3
2025-04-03,Electronics,East,45417,10849.86
2025-04-03,Electronics,West,44200,9733.45
2025-04-03,Electronics,North,9963,2062.96
2025-04-03,Clothing,East,42121,8912.18
2025-04-03,Clothing,West,21246,5251.0
2025-04-03,Clothing,North,3186,620.93
2025-04-03,Groceries,East,48995,4059.38
2025-04-03,Groceries,West,20340,2678.37
2025-04-03,Groceries,North,28230,2651.08
2025-04-04,Electronics,East,9661,2382.68
2025-04-04,Electronics,West,24976,4563.44
2025-04-04,Electronics,North,18860,4858.68
2025-04-04,Clothing,East,17840,4968.66
2025-04-04,Clothing,West,32578,9507.76
2025-04-04,Clothing,North,20342,4813.73
2025-04-04,Groceries,East,23198,5824.05
2025-04-04,Groceries,West,31692,9213.6
2025-04-04,Groceries,North,10224,2438.81
2025-04-05,Electronics,East,15785,4183.58
2025-04-05,Electronics,West,48462,10593.87
2025-04-05,Electronics,North,27044,7891.91
2025-04-05,Clothing,East,37524,5307.54
2025-04-05,Clothing,West,26858,1436.36
2025-04-05,Clothing,North,36164,2925.57
2025-04-05,Groceries,East,25155,5489.0
2025-04-05,Groceries,West,45062,5206.48
2025-04-05,Groceries,North,25970,6638.04
2025-04-06,Electronics,East,25344,1953.68
2025-04-06,Electronics,West,16323,2740.13
2025-04-06,Electronics,North,41602,11276.58
2025-04-06,Clothing,East,37792,4988.6
2025-04-06,Clothing,West,40982,4317.12
2025-04-06,Clothing,North,5142,1073.91
2025-04-06,Groceries,East,31426,8715.9
2025-04-06,Groceries,West,20804,4416.89
2025-04-06,Groceries,North,8646,734.43
2025-04-07,Electronics,East,3438,433.5
2025-04-07,Electronics,West,33284,2630.44
2025-04-07,Electronics,North,16387,4454.23
2025-04-07,Clothing,East,9890,1455.43
2025-04-07,Clothing,West,25314,5508.87
2025-04-07,Clothing,North,49702,11139.26
2025-04-07,Groceries,East,36402,5634.36
2025-04-07,Groceries,West,49645,11500.25
2025-04-07,Groceries,North,28189,6024.85
2025-04-08,Electronics,East,33069,6743.2
2025-04-08,Electronics,West,19333,1124.78
2025-04-08,Electronics,North,25283,2637.46
2025-04-08,Clothing,East,30143,8670.3
2025-04-08,Clothing,West,24768,1853.6
2025-04-08,Clothing,North,45936,6515.27
2025-04-08,Groceries,East,43259,6041.92
2025-04-08,Groceries,West,27092,3223.14
2025-04-08,Groceries,North,9005,2586.71
2025-04-09,Electronics,East,30800,2245.89
2025-04-09,Electronics,West,14900,3135.35
2025-04-09,Electronics,North,40134,11750.16
2025-04-09,Clothing,East,4314,1064.26
2025-04-09,Clothing,West,16962,5041.2
2025-04-09,Clothing,North,38000,3849.45
2025-04-09,Groceries,East,37320,3798.78
2025-04-09,Groceries,West,15152,3837.44
2025-04-09,Groceries,North,16269,2149.78
2025-04-10,Electronics,East,10670,2637.21
2025-04-10,Electronics,West,40058,2031.3
2025-04-10,Electronics,North,10482,3111.92
2025-04-10,Clothing,East,36403,4101.29
2025-04-10,Clothing,West,12435,963.48
2025-04-10,Clothing,North,2689,223.05
2025-04-10,Groceries,East,24477,6057.96
2025-04-10,Groceries,West,16593,3272.36
2025-04-10,Groceries,North,2034,190.3
2025-04-11,Electronics,East,4434,362.21
2025-04-11,Electronics,West,28588,5189.33
2025-04-11,Electronics,North,49867,3285.71
2025-04-11,Clothing,East,30378,7427.55
2025-04-11,Clothing,West,34635,6872.16
2025-04-11,Clothing,North,30622,5388.24
2025-04-11,Groceries,East,41311,2513.41
2025-04-11,Groceries,West,44181,7968.61
2025-04-11,Groceries,North,31018,6539.69
2025-04-12,Electronics,East,3041,198.29
2025-04-12,Electronics,West,32390,8480.5
2025-04-12,Electronics,North,28936,6410.03
2025-04-12,Clothing,East,33130,7556.96
2025-04-12,Clothing,West,30069,2055.9
2025-04-12,Clothing,North,6294,821.54
2025-04-12,Groceries,East,10721,712.09
2025-04-12,Groceries,West,19023,3920.25
2025-04-12,Groceries,North,39362,7364.2
2025-04-13,Electronics,East,22311,3240.14
2025-04-13,Electronics,West,40150,7332.96
2025-04-13,Electronics,North,30734,5421.1
2025-04-13,Clothing,East,29193,2183.48
2025-04-13,Clothing,West,46991,3693.66
2025-04-13,Clothing,North,43907,9340.3
2025-04-13,Groceries,East,37132,8548.16
2025-04-13,Groceries,West,15091,2377.1
2025-04-13,Groceries,North,15974,2451.26
2025-04-14,Electronics,East,30720,4598.25
2025-04-14,Electronics,West,48815,3601.15
2025-04-14,Electronics,North,28968,3711.7
2025-04-14,Clothing,East,17704,2541.86
2025-04-14,Clothing,West,11003,2439.42
2025-04-14,Clothing,North,32081,2142.48
2025-04-14,Groceries,East,6594,483.39
2025-04-14,Groceries,West,7328,1730.49
2025-04-14,Groceries,North,25421,6430.05
2025-04-15,Electronics,East,37462,2434.85
2025-04-15,Electronics,West,37804,7198.67
2025-04-15,Electronics,North,44909,3617.77
2025-04-15,Clothing,East,24173,6488.08
2025-04-15,Clothing,West,28717,7668.1
2025-04-15,Clothing,North,48255,3033.38
2025-04-15,Groceries,East,19850,3972.04
2025-04-15,Groceries,West,24045,1825.02
2025-04-15,Groceries,North,34253,3534.39
2025-04-16,Electronics,East,44039,7510.73
2025-04-16,Electronics,West,8092,1112.88
2025-04-16,Electronics,North,37455,5314.5
2025-04-16,Clothing,East,19256,3726.52
2025-04-16,Clothing,West,29122,7609.25
2025-04-16,Clothing,North,41745,8490.65
2025-04-16,Groceries,East,43119,8157.47
2025-04-16,Groceries,West,40911,11547.99
2025-04-16,Groceries,North,46447,5427.89
2025-04-17,Electronics,East,12823,1517.19
2025-04-17,Electronics,West,21249,5957.89
2025-04-17,Electronics,North,24004,1236.84
2025-04-17,Clothing,East,10388,1990.14
2025-04-17,Clothing,West,27265,1837.56
2025-04-17,Clothing,North,49560,10323.0
2025-04-17,Groceries,East,3009,219.47
2025-04-17,Groceries,West,35765,3711.81
2025-04-17,Groceries,North,28514,4659.51
2025-04-18,Electronics,East,11315,1612.54
2025-04-18,Electronics,West,48290,6330.61
2025-04-18,Electronics,North,38197,7603.34
2025-04-18,Clothing,East,4447,395.32
2025-04-18,Clothing,West,41490,2590.66
2025-04-18,Clothing,North,6346,748.99
2025-04-18,Groceries,East,44380,6923.44
2025-04-18,Groceries,West,40785,6546.44
2025-04-18,Groceries,North,18902,1963.77
2025-04-19,Electronics,East,34577,2712.72
2025-04-19,Electronics,West,29174,2267.47
2025-04-19,Electronics,North,45447,9981.14
2025-04-19,Clothing,East,32891,5977.4
2025-04-19,Clothing,West,21212,1301.45
2025-04-19,Clothing,North,26903,7966.29
2025-04-19,Groceries,East,4590,238.32
2025-04-19,Groceries,West,20753,5942.23
2025-04-19,Groceries,North,9993,2408.71
2025-04-20,Electronics,East,19969,2636.52
2025-04-20,Electronics,West,1506,262.57
2025-04-20,Electronics,North,29223,2744.73
2025-04-20,Clothing,East,25917,4746.58
2025-04-20,Clothing,West,16080,2815.05
2025-04-20,Clothing,North,44781,11264.66
2025-04-20,Groceries,East,5723,854.26
2025-04-20,Groceries,West,49630,3006.37
2025-04-20,Groceries,North,2228,367.48
2025-04-21,Electronics,East,6102,1620.25
2025-04-21,Electronics,West,38732,6093.36
2025-04-21,Electronics,North,27504,6253.71
2025-04-21,Clothing,East,28373,3472.25
2025-04-21,Clothing,West,27544,1520.82
2025-04-21,Clothing,North,22284,2071.71
2025-04-21,Groceries,East,41509,6849.99
2025-04-21,Groceries,West,46194,12931.66
2025-04-21,Groceries,North,6775,1078.43
2025-04-22,Electronics,East,7937,879.65
2025-04-22,Electronics,West,39592,5943.25
2025-04-22,Electronics,North,6154,916.59
2025-04-22,Clothing,East,21334,5044.45
2025-04-22,Clothing,West,15520,2068.31
2025-04-22,Clothing,North,12018,830.38
2025-04-22,Groceries,East,42499,3336.45
2025-04-22,Groceries,West,34420,3389.54
2025-04-22,Groceries,North,23896,3292.27
2025-04-23,Electronics,East,43299,10987.52
2025-04-23,Electronics,West,16484,1247.86
2025-04-23,Electronics,North,17775,1765.38
2025-04-23,Clothing,East,40478,3570.87
2025-04-23,Clothing,West,43959,3026.06
2025-04-23,Clothing,North,42153,7314.78
2025-04-23,Groceries,East,37944,9105.39
2025-04-23,Groceries,West,30419,6700.8
2025-04-23,Groceries,North,37994,8007.16
2025-04-24,Electronics,East,41928,5484.27
2025-04-24,Electronics,West,42105,5433.01
2025-04-24,Electronics,North,29820,2000.07
2025-04-24,Clothing,East,29980,6231.23
2025-04-24,Clothing,West,19001,3759.44
2025-04-24,Clothing,North,24064,4255.34
2025-04-24,Groceries,East,21342,3530.73
2025-04-24,Groceries,West,3464,222.47
2025-04-24,Groceries,North,19813,1370.72
2025-04-25,Electronics,East,6917,1409.35
2025-04-25,Electronics,West,34231,5001.85
2025-04-25,Electronics,North,39032,7360.62
2025-04-25,Clothing,East,49425,13540.93
2025-04-25,Clothing,West,30473,8449.02
2025-04-25,Clothing,North,38464,8191.27
2025-04-25,Groceries,East,22071,4441.82
2025-04-25,Groceries,West,33857,2969.78
2025-04-25,Groceries,North,5054,821.94
2025-04-26,Electronics,East,23507,6948.58
2025-04-26,Electronics,West,6526,1149.47
2025-04-26,Electronics,North,12308,735.84
2025-04-26,Clothing,East,47374,7553.29
2025-04-26,Clothing,West,29797,5393.77
2025-04-26,Clothing,North,40964,3673.92
2025-04-26,Groceries,East,25435,7108.68
2025-04-26,Groceries,West,26389,4016.2
2025-04-26,Groceries,North,23175,5092.11
2025-04-27,Electronics,East,4431,1095.82
2025-04-27,Electronics,West,43421,5803.75
2025-04-27,Electronics,North,22606,1664.4
2025-04-27,Clothing,East,45458,6666.01
2025-04-27,Clothing,West,17514,4044.57
2025-04-27,Clothing,North,44028,12816.66
2025-04-27,Groceries,East,40498,10866.42
2025-04-27,Groceries,West,22847,1607.87
2025-04-27,Groceries,North,44490,3797.54
2025-04-28,Electronics,East,23925,3051.82
2025-04-28,Electronics,West,43995,9882.16
2025-04-28,Electronics,North,26687,2194.68
2025-04-28,Clothing,East,47454,13500.69
2025-04-28,Clothing,West,21288,4038.98
2025-04-28,Clothing,North,43171,10702.76
2025-04-28,Groceries,East,9375,2039.34
2025-04-28,Groceries,West,49416,14789.77
2025-04-28,Groceries,North,35497,2604.17
2025-04-29,Electronics,East,44939,7003.81
2025-04-29,Electronics,West,24712,1348.23
2025-04-29,Electronics,North,21241,2019.29
2025-04-29,Clothing,East,15037,2036.51
2025-04-29,Clothing,West,32868,3221.11
2025-04-29,Clothing,North,10015,888.69
2025-04-29,Groceries,East,20385,5322.67
2025-04-29,Groceries,West,7628,1349.56
2025-04-29,Groceries,North,36374,9412.86
2025-04-30,Electronics,East,35506,2110.37
2025-04-30,Electronics,West,23070,6208.1
2025-04-30,Electronics,North,41503,3434.88
2025-04-30,Clothing,East,25688,2275.01
2025-04-30,Clothing,West,12851,3313.45
2025-04-30,Clothing,North,41942,10580.33
2025-04-30,Groceries,East,11848,2728.54
2025-04-30,Groceries,West,3863,589.94
2025-04-30,Groceries,North,45326,10420.29
2025-05-01,Electronics,East,30111,6101.96
2025-05-01,Electronics,West,30420,3300.59
2025-05-01,Electronics,North,16674,2123.72
2025-05-01,Clothing,East,31737,8759.21
2025-05-01,Clothing,West,13715,1946.98
2025-05-01,Clothing,North,38383,11365.59
2025-05-01,Groceries,East,31256,7575.19
2025-05-01,Groceries,West,26026,4573.46
2025-05-01,Groceries,North,28437,8291.29
2025-05-02,Electronics,East,14087,3526.18
2025-05-02,Electronics,West,10070,2701.28
2025-05-02,Electronics,North,4419,929.29
2025-05-02,Clothing,East,25327,4777.56
2025-05-02,Clothing,West,7723,1759.69
2025-05-02,Clothing,North,34810,9147.77
2025-05-02,Groceries,East,19681,1396.74
2025-05-02,Groceries,West,11506,1359.98
2025-05-02,Groceries,North,34643,3008.3
2025-05-03,Electronics,East,29670,2163.79
2025-05-03,Electronics,West,15551,3952.69
2025-05-03,Electronics,North,23910,6757.4
2025-05-03,Clothing,East,28190,1784.83
2025-05-03,Clothing,West,33899,4864.18
2025-05-03,Clothing,North,26307,7856.09
2025-05-03,Groceries,East,25570,2713.86
2025-05-03,Groceries,West,21885,6187.03
2025-05-03,Groceries,North,47838,10165.1
2025-05-04,Electronics,East,10571,892.19
2025-05-04,Electronics,West,19800,5531.11
2025-05-04,Electronics,North,31962,7160.06
2025-05-04,Clothing,East,10095,2419.88
2025-05-04,Clothing,West,31743,5147.14
2025-05-04,Clothing,North,1344,371.57
2025-05-04,Groceries,East,2245,255.89
2025-05-04,Groceries,West,10798,2021.4
2025-05-04,Groceries,North,48660,9840.03
2025-05-05,Electronics,East,28738,2235.72
2025-05-05,Electronics,West,19881,2175.18
2025-05-05,Electronics,North,8985,556.51
2025-05-05,Clothing,East,28513,5980.26
2025-05-05,Clothing,West,41816,6869.47
2025-05-05,Clothing,North,8265,2142.06
2025-05-05,Groceries,East,33756,6723.68
2025-05-05,Groceries,West,2077,431.99
2025-05-05,Groceries,North,38686,4274.2
2025-05-06,Electronics,East,10409,1278.41
2025-05-06,Electronics,West,1102,224.48
2025-05-06,Electronics,North,16765,3230.04
2025-05-06,Clothing,East,13275,2868.63
2025-05-06,Clothing,West,6610,1195.56
2025-05-06,Clothing,North,24632,1648.37
2025-05-06,Groceries,East,35475,6599.08
2025-05-06,Groceries,West,34267,6460.63
2025-05-06,Groceries,North,26588,7134.43
2025-05-07,Electronics,East,3853,804.96
2025-05-07,Electronics,West,25464,2887.94
2025-05-07,Electronics,North,2064,287.46
2025-05-07,Clothing,East,5427,739.16
2025-05-07,Clothing,West,49034,10506.81
2025-05-07,Clothing,North,7793,1892.73
2025-05-07,Groceries,East,49181,11762.61
2025-05-07,Groceries,West,9743,595.14
2025-05-07,Groceries,North,36783,4952.35
2025-05-08,Electronics,East,43126,4044.02
2025-05-08,Electronics,West,45871,7621.73
2025-05-08,Electronics,North,46573,7900.31
2025-05-08,Clothing,East,12945,3273.46
2025-05-08,Clothing,West,5135,1175.97
2025-05-08,Clothing,North,30994,1836.27
2025-05-08,Groceries,East,14211,866.18
2025-05-08,Groceries,West,14072,3819.81
2025-05-08,Groceries,North,21682,6143.44
2025-05-09,Electronics,East,34776,5200.96
2025-05-09,Electronics,West,36588,6159.59
2025-05-09,Electronics,North,3399,810.06
2025-05-09,Clothing,East,13524,1643.54
2025-05-09,Clothing,West,4132,1100.97
2025-05-09,Clothing,North,22753,2691.77
2025-05-09,Groceries,East,25118,3999.74
2025-05-09,Groceries,West,27215,6418.03
2025-05-09,Groceries,North,26339,3549.42
2025-05-10,Electronics,East,13243,2304.95
2025-05-10,Electronics,West,33605,4766.42
2025-05-10,Electronics,North,35031,4087.42
2025-05-10,Clothing,East,6414,1486.57
2025-05-10,Clothing,West,6172,973.03
2025-05-10,Clothing,North,12826,2390.36
2025-05-10,Groceries,East,22050,1668.07
2025-05-10,Groceries,West,22490,4840.52
2025-05-10,Groceries,North,21086,3404.94
2025-05-11,Electronics,East,48032,7518.4
2025-05-11,Electronics,West,46204,7437.79
2025-05-11,Electronics,North,30303,1836.02
2025-05-11,Clothing,East,24105,4910.5
2025-05-11,Clothing,West,29504,3500.32
2025-05-11,Clothing,North,4759,327.23
2025-05-11,Groceries,East,42780,6483.42
2025-05-11,Groceries,West,34625,8665.74
2025-05-11,Groceries,North,45525,4097.1
2025-05-12,Electronics,East,3040,260.51
2025-05-12,Electronics,West,40817,8960.24
2025-05-12,Electronics,North,29716,1744.32
2025-05-12,Clothing,East,5406,589.25
2025-05-12,Clothing,West,43281,6127.82
2025-05-12,Clothing,North,26090,7497.4
2025-05-12,Groceries,East,3122,628.38
2025-05-12,Groceries,West,45503,7393.36
2025-05-12,Groceries,North,25311,3619.56
2025-05-13,Electronics,East,6038,1168.23
2025-05-13,Electronics,West,35698,5059.74
2025-05-13,Electronics,North,21603,4588.27
2025-05-13,Clothing,East,17358,5036.08
2025-05-13,Clothing,West,2698,631.11
2025-05-13,Clothing,North,33705,6047.9
2025-05-13,Groceries,East,37809,3003.56
2025-05-13,Groceries,West,18058,4081.28
2025-05-13,Groceries,North,15062,4504.91
2025-05-14,Electronics,East,19715,4406.21
2025-05-14,Electronics,West,33191,3320.58
2025-05-14,Electronics,North,9895,2604.43
2025-05-14,Clothing,East,30625,2853.15
2025-05-14,Clothing,West,47751,7701.18
2025-05-14,Clothing,North,6753,1706.0
2025-05-14,Groceries,East,21944,4760.97
2025-05-14,Groceries,West,47500,3146.15
2025-05-14,Groceries,North,36531,4478.36
2025-05-15,Electronics,East,20657,5429.5
2025-05-15,Electronics,West,47649,10834.95
2025-05-15,Electronics,North,46889,9819.73
2025-05-15,Clothing,East,24690,4374.79
2025-05-15,Clothing,West,8953,2652.62
2025-05-15,Clothing,North,10101,1102.87
2025-05-15,Groceries,East,33376,1888.11
2025-05-15,Groceries,West,37308,7203.03
2025-05-15,Groceries,North,31631,7936.71
2025-05-16,Electronics,East,37152,3062.92
2025-05-16,Electronics,West,6650,441.81
2025-05-16,Electronics,North,27093,8125.16
2025-05-16,Clothing,East,48111,8162.81
2025-05-16,Clothing,West,27921,6765.01
2025-05-16,Clothing,North,38676,2646.9
2025-05-16,Groceries,East,21776,4585.69
2025-05-16,Groceries,West,30489,5075.15
2025-05-16,Groceries,North,34905,4751.57
2025-05-17,Electronics,East,37130,7795.39
2025-05-17,Electronics,West,12925,3127.14
2025-05-17,Electronics,North,9456,1495.51
2025-05-17,Clothing,East,4631,1194.09
2025-05-17,Clothing,West,34954,3084.83
2025-05-17,Clothing,North,11790,1066.9
2025-05-17,Groceries,East,47486,5050.97
2025-05-17,Groceries,West,35006,9582.24
2025-05-17,Groceries,North,6168,694.83
2025-05-18,Electronics,East,42619,12320.64
2025-05-18,Electronics,West,18986,1543.42
2025-05-18,Electronics,North,20845,4244.19
2025-05-18,Clothing,East,7122,1250.93
2025-05-18,Clothing,West,12051,2385.52
2025-05-18,Clothing,North,39053,3458.09
2025-05-18,Groceries,East,44170,9104.31
2025-05-18,Groceries,West,40658,5464.63
2025-05-18,Groceries,North,37937,2287.55
2025-05-19,Electronics,East,2859,201.0
2025-05-19,Electronics,West,43038,10447.72
2025-05-19,Electronics,North,18344,3903.28
2025-05-19,Clothing,East,38495,5933.88
2025-05-19,Clothing,West,42876,2468.43
2025-05-19,Clothing,North,42101,7847.39
2025-05-19,Groceries,East,43068,12453.65
2025-05-19,Groceries,West,32650,3631.32
2025-05-19,Groceries,North,45891,6953.55
2025-05-20,Electronics,East,30723,2096.64
2025-05-20,Electronics,West,4926,440.98
2025-05-20,Electronics,North,28238,4830.47
2025-05-20,Clothing,East,14370,1940.64
2025-05-20,Clothing,West,10415,1334.64
2025-05-20,Clothing,North,48078,6241.92
2025-05-20,Groceries,East,23634,6944.7
2025-05-20,Groceries,West,9569,2298.15
2025-05-20,Groceries,North,34749,6616.65
2025-05-21,Electronics,East,21913,2419.95
2025-05-21,Electronics,West,9029,1055.2
2025-05-21,Electronics,North,17247,1469.78
2025-05-21,Clothing,East,4316,528.94
2025-05-21,Clothing,West,26175,6963.62
2025-05-21,Clothing,North,28402,3182.94
2025-05-21,Groceries,East,11466,2905.13
2025-05-21,Groceries,West,38859,8948.53
2025-05-21,Groceries,North,13440,3236.09
2025-05-22,Electronics,East,33654,10062.29
2025-05-22,Electronics,West,31593,5518.98
2025-05-22,Electronics,North,21220,3699.55
2025-05-22,Clothing,East,6901,1975.81
2025-05-22,Clothing,West,34124,5606.83
2025-05-22,Clothing,North,16776,1741.12
2025-05-22,Groceries,East,24127,1499.84
2025-05-22,Groceries,West,19438,3376.84
2025-05-22,Groceries,North,43877,9570.9
2025-05-23,Electronics,East,19726,3632.99
2025-05-23,Electronics,West,8044,1268.8
2025-05-23,Electronics,North,18332,4250.77
2025-05-23,Clothing,East,27427,3880.49
2025-05-23,Clothing,West,27252,1711.14
2025-05-23,Clothing,North,37819,3731.37
2025-05-23,Groceries,East,37256,4550.84
2025-05-23,Groceries,West,26319,4633.83
2025-05-23,Groceries,North,37035,4441.61
2025-05-24,Electronics,East,41844,9209.85
2025-05-24,Electronics,West,8786,721.91
2025-05-24,Electronics,North,7336,1089.22
2025-05-24,Clothing,East,23222,4399.59
2025-05-24,Clothing,West,24960,5958.98
2025-05-24,Clothing,North,14045,2817.65
2025-05-24,Groceries,East,27305,4778.91
2025-05-24,Groceries,West,3969,237.06
2025-05-24,Groceries,North,47765,6365.17
2025-05-25,Electronics,East,32047,5763.11
2025-05-25,Electronics,West,10760,2168.84
2025-05-25,Electronics,North,34784,2954.74
2025-05-25,Clothing,East,41178,5338.01
2025-05-25,Clothing,West,26752,7962.84
2025-05-25,Clothing,North,49452,12889.69
2025-05-25,Groceries,East,39910,5351.67
2025-05-25,Groceries,West,34404,6298.85
2025-05-25,Groceries,North,47447,9049.62
2025-05-26,Electronics,East,32122,8156.97
2025-05-26,Electronics,West,25140,3338.84
2025-05-26,Electronics,North,8183,2413.78
2025-05-26,Clothing,East,39253,4981.97
2025-05-26,Clothing,West,48534,13008.31
2025-05-26,Clothing,North,42239,2393.34
2025-05-26,Groceries,East,32102,3736.11
2025-05-26,Groceries,West,43964,10803.1
2025-05-26,Groceries,North,38910,7564.44
2025-05-27,Electronics,East,48277,3033.67
2025-05-27,Electronics,West,32486,3009.11
2025-05-27,Electronics,North,42223,9723.78
2025-05-27,Clothing,East,25916,2253.24
2025-05-27,Clothing,West,45612,5042.37
2025-05-27,Clothing,North,38523,11058.08
2025-05-27,Groceries,East,8202,801.3
2025-05-27,Groceries,West,29903,3840.24
2025-05-27,Groceries,North,10924,1673.99
2025-05-28,Electronics,East,14362,2191.56
2025-05-28,Electronics,West,41073,11505.79
2025-05-28,Electronics,North,49223,11412.38
2025-05-28,Clothing,East,47253,3993.85
2025-05-28,Clothing,West,14588,2774.95
2025-05-28,Clothing,North,44399,7529.75
2025-05-28,Groceries,East,25695,3300.22
2025-05-28,Groceries,West,12349,2036.55
2025-05-28,Groceries,North,35939,4872.67
2025-05-29,Electronics,East,24218,5302.95
2025-05-29,Electronics,West,48246,10623.12
2025-05-29,Electronics,North,46436,5390.78
2025-05-29,Clothing,East,32731,3209.8
2025-05-29,Clothing,West,17155,2054.34
2025-05-29,Clothing,North,20562,2184.03
2025-05-29,Groceries,East,20504,4978.24
2025-05-29,Groceries,West,47196,4805.47
2025-05-29,Groceries,North,47202,8130.58
2025-05-30,Electronics,East,32444,4451.34
2025-05-30,Electronics,West,48294,5716.29
2025-05-30,Electronics,North,8987,1737.81
2025-05-30,Clothing,East,36598,5303.91
2025-05-30,Clothing,West,26856,6837.39
2025-05-30,Clothing,North,10599,1299.58
2025-05-30,Groceries,East,19850,5733.24
2025-05-30,Groceries,West,6179,844.0
2025-05-30,Groceries,North,29991,6417.86
2025-05-31,Electronics,East,49977,8484.59
2025-05-31,Electronics,West,14242,3660.02
2025-05-31,Electronics,North,18768,5316.15
2025-05-31,Clothing,East,46624,5497.22
2025-05-31,Clothing,West,8158,1663.57
2025-05-31,Clothing,North,39458,4333.3
2025-05-31,Groceries,East,4326,940.73
2025-05-31,Groceries,West,35802,3809.97
2025-05-31,Groceries,North,16259,1026.31
2025-06-01,Electronics,East,28086,3723.46
2025-06-01,Electronics,West,31959,2401.28
2025-06-01,Electronics,North,10009,513.42
2025-06-01,Clothing,East,37067,10915.4
2025-06-01,Clothing,West,11350,1722.1
2025-06-01,Clothing,North,32175,5449.23
2025-06-01,Groceries,East,14071,3362.66
2025-06-01,Groceries,West,19824,2582.91
2025-06-01,Groceries,North,43329,2807.31
2025-06-02,Electronics,East,6862,1462.12
2025-06-02,Electronics,West,16218,2980.67
2025-06-02,Electronics,North,48390,12706.4
2025-06-02,Clothing,East,3444,958.49
2025-06-02,Clothing,West,12473,1926.72
2025-06-02,Clothing,North,12520,3549.18
2025-06-02,Groceries,East,3381,1011.91
2025-06-02,Groceries,West,27017,6672.93
2025-06-02,Groceries,North,13210,3753.65
2025-06-03,Electronics,East,19970,5375.64
2025-06-03,Electronics,West,1607,200.23
2025-06-03,Electronics,North,40503,3111.65
2025-06-03,Clothing,East,22957,2781.02
2025-06-03,Clothing,West,43029,7995.87
2025-06-03,Clothing,North,33369,9086.88
2025-06-03,Groceries,East,9794,2573.52
2025-06-03,Groceries,West,31672,3743.92
2025-06-03,Groceries,North,8382,1112.05
2025-06-04,Electronics,East,48914,8057.54
2025-06-04,Electronics,West,17860,4101.54
2025-06-04,Electronics,North,1923,450.28
2025-06-04,Clothing,East,20334,3903.02
2025-06-04,Clothing,West,13659,1282.22
2025-06-04,Clothing,North,42859,11754.54
2025-06-04,Groceries,East,29029,5190.97
2025-06-04,Groceries,West,6684,1003.99
2025-06-04,Groceries,North,7251,697.51
2025-06-05,Electronics,East,10215,1730.05
2025-06-05,Electronics,West,17256,892.27
2025-06-05,Electronics,North,26137,2845.8
2025-06-05,Clothing,East,18497,5336.55
2025-06-05,Clothing,West,20788,4066.45
2025-06-05,Clothing,North,38544,2037.39
2025-06-05,Groceries,East,43839,6132.55
2025-06-05,Groceries,West,16486,1080.35
2025-06-05,Groceries,North,8747,1455.05
2025-06-06,Electronics,East,11467,1735.58
2025-06-06,Electronics,West,33933,9527.59
2025-06-06,Electronics,North,47108,11421.82
2025-06-06,Clothing,East,46238,3669.17
2025-06-06,Clothing,West,20335,2885.25
2025-06-06,Clothing,North,15473,1621.29
2025-06-06,Groceries,East,9753,1653.58
2025-06-06,Groceries,West,30817,7301.59
2025-06-06,Groceries,North,40697,5836.2
2025-06-07,Electronics,East,47002,8803.88
2025-06-07,Electronics,West,31856,7624.34
2025-06-07,Electronics,North,44522,11415.48
2025-06-07,Clothing,East,17217,3789.21
2025-06-07,Clothing,West,40047,10743.96
2025-06-07,Clothing,North,6365,1154.46
2025-06-07,Groceries,East,35614,8046.68
2025-06-07,Groceries,West,6118,1708.83
2025-06-07,Groceries,North,8353,546.62
2025-06-08,Electronics,East,36890,10171.39
2025-06-08,Electronics,West,14248,2752.36
2025-06-08,Electronics,North,10820,986.07
2025-06-08,Clothing,East,35101,5632.31
2025-06-08,Clothing,West,45583,4619.85
2025-06-08,Clothing,North,39217,6753.44
2025-06-08,Groceries,East,34447,5558.74
2025-06-08,Groceries,West,4646,758.96
2025-06-08,Groceries,North,34636,5328.96
2025-06-09,Electronics,East,37956,2445.66
2025-06-09,Electronics,West,31302,6829.84
2025-06-09,Electronics,North,21196,4892.46
2025-06-09,Clothing,East,26948,3061.68
2025-06-09,Clothing,West,1197,283.03
2025-06-09,Clothing,North,38900,2655.21
2025-06-09,Groceries,East,28767,3916.12
2025-06-09,Groceries,West,5178,959.44
2025-06-09,Groceries,North,4948,1403.48
2025-06-10,Electronics,East,5523,1637.76
2025-06-10,Electronics,West,31937,1850.23
2025-06-10,Electronics,North,27795,2640.4
2025-06-10,Clothing,East,9875,2384.39
2025-06-10,Clothing,West,48794,10318.48
2025-06-10,Clothing,North,28548,4099.93
2025-06-10,Groceries,East,26066,4226.19
2025-06-10,Groceries,West,25739,3704.14
2025-06-10,Groceries,North,45743,13312.86
2025-06-11,Electronics,East,36343,3025.46
2025-06-11,Electronics,West,23791,1895.15
2025-06-11,Electronics,North,36209,5368.51
2025-06-11,Clothing,East,9345,2167.71
2025-06-11,Clothing,West,15594,4034.25
2025-06-11,Clothing,North,2489,733.32
2025-06-11,Groceries,East,31343,6844.53
2025-06-11,Groceries,West,36680,5723.25
2025-06-11,Groceries,North,25856,6615.0
2025-06-12,Electronics,East,17220,2843.99
2025-06-12,Electronics,West,11166,1327.78
2025-06-12,Electronics,North,48515,11710.19
2025-06-12,Clothing,East,3111,785.12
2025-06-12,Clothing,West,28475,5801.23
2025-06-12,Clothing,North,2025,223.09
2025-06-12,Groceries,East,5409,406.89
2025-06-12,Groceries,West,3200,517.15
2025-06-12,Groceries,North,45041,10171.23
2025-06-13,Electronics,East,4190,465.86
2025-06-13,Electronics,West,3899,587.06
2025-06-13,Electronics,North,16357,3025.06
2025-06-13,Clothing,East,4699,399.57
2025-06-13,Clothing,West,19957,2166.14
2025-06-13,Clothing,North,48940,9495.71
2025-06-13,Groceries,East,38845,7748.78
2025-06-13,Groceries,West,45075,11475.9
2025-06-13,Groceries,North,16525,2072.91
2025-06-14,Electronics,East,10388,3079.25
2025-06-14,Electronics,West,35160,3700.97
2025-06-14,Electronics,North,20693,2458.09
2025-06-14,Clothing,East,37485,10763.07
2025-06-14,Clothing,West,49182,13667.4
2025-06-14,Clothing,North,42025,9232.37
2025-06-14,Groceries,East,37428,6508.92
2025-06-14,Groceries,West,23571,6727.08
2025-06-14,Groceries,North,44997,6537.55
2025-06-15,Electronics,East,35371,4587.04
2025-06-15,Electronics,West,28284,4301.0
2025-06-15,Electronics,North,20653,2976.41
2025-06-15,Clothing,East,36253,6104.27
2025-06-15,Clothing,West,15768,1973.9
2025-06-15,Clothing,North,47371,4078.07
2025-06-15,Groceries,East,31344,8735.11
2025-06-15,Groceries,West,37856,5798.38
2025-06-15,Groceries,North,28296,5357.05
2025-06-16,Electronics,East,9787,1439.71
2025-06-16,Electronics,West,17711,1785.87
2025-06-16,Electronics,North,43382,3026.66
2025-06-16,Clothing,East,30477,7978.37
2025-06-16,Clothing,West,7059,1298.21
2025-06-16,Clothing,North,13483,847.87
2025-06-16,Groceries,East,25718,5617.27
2025-06-16,Groceries,West,40513,2426.2
2025-06-16,Groceries,North,5769,559.83
2025-06-17,Electronics,East,39507,9129.13
2025-06-17,Electronics,West,37624,3922.46
2025-06-17,Electronics,North,14689,3927.38
2025-06-17,Clothing,East,22821,2870.81
2025-06-17,Clothing,West,2004,206.32
2025-06-17,Clothing,North,13453,3908.36
2025-06-17,Groceries,East,8688,2056.62
2025-06-17,Groceries,West,32386,9023.07
2025-06-17,Groceries,North,46588,9368.86
2025-06-18,Electronics,East,14402,2148.17
2025-06-18,Electronics,West,16684,3136.92
2025-06-18,Electronics,North,19550,2837.98
2025-06-18,Clothing,East,35973,7632.76
2025-06-18,Clothing,West,21212,2447.66
2025-06-18,Clothing,North,34607,9368.22
2025-06-18,Groceries,East,31540,2354.53
2025-06-18,Groceries,West,48344,8091.46
2025-06-18,Groceries,North,21986,6124.92
2025-06-19,Electronics,East,25294,3243.46
2025-06-19,Electronics,West,3996,761.76
2025-06-19,Electronics,North,15501,3647.59
2025-06-19,Clothing,East,2062,237.53
2025-06-19,Clothing,West,39275,7650.21
2025-06-19,Clothing,North,28366,3511.66
2025-06-19,Groceries,East,13857,1835.59
2025-06-19,Groceries,West,25893,4983.04
2025-06-19,Groceries,North,17104,2990.21
2025-06-20,Electronics,East,43900,12549.52
2025-06-20,Electronics,West,23122,2643.58
2025-06-20,Electronics,North,33022,9630.11
2025-06-20,Clothing,East,43054,10113.32
2025-06-20,Clothing,West,31200,2872.22
2025-06-20,Clothing,North,24080,2222.98
2025-06-20,Groceries,East,48206,8997.0
2025-06-20,Groceries,West,13061,3646.96
2025-06-20,Groceries,North,36529,10870.33
2025-06-21,Electronics,East,4849,877.6
2025-06-21,Electronics,West,5871,1680.85
2025-06-21,Electronics,North,44792,2782.86
2025-06-21,Clothing,East,1418,217.09
2025-06-21,Clothing,West,42333,4565.97
2025-06-21,Clothing,North,47345,4154.87
2025-06-21,Groceries,East,15334,2705.43
2025-06-21,Groceries,West,25458,1657.63
2025-06-21,Groceries,North,42794,9272.98
2025-06-22,Electronics,East,41404,11518.09
2025-06-22,Electronics,West,44206,7601.82
2025-06-22,Electronics,North,1433,262.32
2025-06-22,Clothing,East,27957,1480.68
2025-06-22,Clothing,West,35695,8229.42
2025-06-22,Clothing,North,36110,10629.69
2025-06-22,Groceries,East,2123,372.7
2025-06-22,Groceries,West,46734,10211.76
2025-06-22,Groceries,North,12748,978.46
2025-06-23,Electronics,East,7312,1324.18
2025-06-23,Electronics,West,16792,1645.33
2025-06-23,Electronics,North,35501,4015.32
2025-06-23,Clothing,East,24228,2830.59
2025-06-23,Clothing,West,27011,1884.15
2025-06-23,Clothing,North,27609,4548.57
2025-06-23,Groceries,East,16938,5040.04
2025-06-23,Groceries,West,15801,1975.02
2025-06-23,Groceries,North,6283,1341.01
2025-06-24,Electronics,East,43591,10457.33
2025-06-24,Electronics,West,7127,1078.45
2025-06-24,Electronics,North,25718,4839.49
2025-06-24,Clothing,East,4677,978.37
2025-06-24,Clothing,West,47061,4369.42
2025-06-24,Clothing,North,33758,8822.06
2025-06-24,Groceries,East,43264,10647.01
2025-06-24,Groceries,West,38083,11209.06
2025-06-24,Groceries,North,7249,1984.04
2025-06-25,Electronics,East,3788,406.99
2025-06-25,Electronics,West,46369,12607.2
2025-06-25,Electronics,North,32162,3787.84
2025-06-25,Clothing,East,5872,1298.34
2025-06-25,Clothing,West,19374,5324.52
2025-06-25,Clothing,North,37930,8137.02
2025-06-25,Groceries,East,12754,3599.07
2025-06-25,Groceries,West,21610,1165.09
2025-06-25,Groceries,North,14576,2867.96
2025-06-26,Electronics,East,47708,12176.3
2025-06-26,Electronics,West,6042,754.16
2025-06-26,Electronics,North,37959,4179.97
2025-06-26,Clothing,East,26503,5811.01
2025-06-26,Clothing,West,36426,4842.2
2025-06-26,Clothing,North,49479,4205.1
2025-06-26,Groceries,East,46174,10668.08
2025-06-26,Groceries,West,33819,7993.6
2025-06-26,Groceries,North,23666,1500.99
2025-06-27,Electronics,East,29645,3202.73
2025-06-27,Electronics,West,5981,808.32
2025-06-27,Electronics,North,41230,11903.7
2025-06-27,Clothing,East,26998,7889.63
2025-06-27,Clothing,West,22389,1285.27
2025-06-27,Clothing,North,18912,4650.22
2025-06-27,Groceries,East,30527,5270.51
2025-06-27,Groceries,West,24318,4578.09
2025-06-27,Groceries,North,25603,4044.3
2025-06-28,Electronics,East,45544,8947.97
2025-06-28,Electronics,West,25908,1850.44
2025-06-28,Electronics,North,41541,5144.64
2025-06-28,Clothing,East,17151,3915.18
2025-06-28,Clothing,West,6376,745.95
2025-06-28,Clothing,North,25903,5903.79
2025-06-28,Groceries,East,42543,3768.0
2025-06-28,Groceries,West,26534,3427.39
2025-06-28,Groceries,North,7982,581.73
2025-06-29,Electronics,East,21202,3417.42
2025-06-29,Electronics,West,18679,1411.35
2025-06-29,Electronics,North,6721,650.92
2025-06-29,Clothing,East,30415,5755.92
2025-06-29,Clothing,West,34583,5257.0
2025-06-29,Clothing,North,2721,197.01
2025-06-29,Groceries,East,37321,2734.36
2025-06-29,Groceries,West,40193,9891.89
2025-06-29,Groceries,North,26246,1393.27
2025-06-30,Electronics,East,28119,4132.08
2025-06-30,Electronics,West,6550,1514.43
2025-06-30,Electronics,North,37669,10408.02
2025-06-30,Clothing,East,16908,3263.08
2025-06-30,Clothing,West,12113,2680.96
2025-06-30,Clothing,North,12108,1025.67
2025-06-30,Groceries,East,20734,2427.99
2025-06-30,Groceries,West,10563,695.22
2025-06-30,Groceries,North,29486,3508.55
2025-07-01,Electronics,East,20644,3531.32
2025-07-01,Electronics,West,6041,847.44
2025-07-01,Electronics,North,17160,3950.66
2025-07-01,Clothing,East,33492,6646.54
2025-07-01,Clothing,West,13815,2272.09
2025-07-01,Clothing,North,9879,1246.38
2025-07-01,Groceries,East,26932,3583.42
2025-07-01,Groceries,West,41644,6037.23
2025-07-01,Groceries,North,22596,3616.62
2025-07-02,Electronics,East,29220,7418.05
2025-07-02,Electronics,West,43666,12818.43
2025-07-02,Electronics,North,9921,1241.2
2025-07-02,Clothing,East,40532,11625.38
2025-07-02,Clothing,West,14163,2404.2
2025-07-02,Clothing,North,12641,3680.35
2025-07-02,Groceries,East,21915,2692.52
2025-07-02,Groceries,West,46544,9691.65
2025-07-02,Groceries,North,38740,9510.42
2025-07-03,Electronics,East,22357,3219.72
2025-07-03,Electronics,West,26751,3778.68
2025-07-03,Electronics,North,37952,3793.3
2025-07-03,Clothing,East,36758,3491.34
2025-07-03,Clothing,West,37051,2101.87
2025-07-03,Clothing,North,48658,8048.3
2025-07-03,Groceries,East,47423,4856.69
2025-07-03,Groceries,West,20092,5180.13
2025-07-03,Groceries,North,5532,1409.23
2025-07-04,Electronics,East,27813,6070.03
2025-07-04,Electronics,West,10121,2108.55
2025-07-04,Electronics,North,16861,1908.17
2025-07-04,Clothing,East,11101,2540.01
2025-07-04,Clothing,West,25706,1760.64
2025-07-04,Clothing,North,40186,6823.93
2025-07-04,Groceries,East,27267,5006.0
2025-07-04,Groceries,West,46331,7161.62
2025-07-04,Groceries,North,3409,844.34
2025-07-05,Electronics,East,24562,5536.49
2025-07-05,Electronics,West,36186,7181.29
2025-07-05,Electronics,North,6569,508.06
2025-07-05,Clothing,East,17268,3702.27
2025-07-05,Clothing,West,24265,2222.3
2025-07-05,Clothing,North,41152,2513.32
2025-07-05,Groceries,East,43272,9492.49
2025-07-05,Groceries,West,27189,7931.11
2025-07-05,Groceries,North,22731,6624.48
2025-07-06,Electronics,East,29210,2234.16
2025-07-06,Electronics,West,7462,855.78
2025-07-06,Electronics,North,34467,8158.8
2025-07-06,Clothing,East,37568,7330.63
2025-07-06,Clothing,West,38698,4073.27
2025-07-06,Clothing,North,25518,3771.14
2025-07-06,Groceries,East,45535,8977.11
2025-07-06,Groceries,West,33798,2963.62
2025-07-06,Groceries,North,2609,445.34
2025-07-07,Electronics,East,20361,3135.47
2025-07-07,Electronics,West,6626,523.57
2025-07-07,Electronics,North,48851,4172.79
2025-07-07,Clothing,East,21440,2910.84
2025-07-07,Clothing,West,14557,2624.32
2025-07-07,Clothing,North,23826,4027.56
2025-07-07,Groceries,East,29715,6849.26
2025-07-07,Groceries,West,30651,3976.27
2025-07-07,Groceries,North,20678,1264.89
2025-07-08,Electronics,East,47581,3748.02
2025-07-08,Electronics,West,23483,4978.22
2025-07-08,Electronics,North,45377,11344.82
2025-07-08,Clothing,East,49528,5496.53
2025-07-08,Clothing,West,12432,2336.94
2025-07-08,Clothing,North,22691,4310.43
2025-07-08,Groceries,East,31281,3377.22
2025-07-08,Groceries,West,27545,5713.94
2025-07-08,Groceries,North,13215,2776.73
2025-07-09,Electronics,East,29320,4365.62
2025-07-09,Electronics,West,49325,10038.96
2025-07-09,Electronics,North,13931,2262.31
2025-07-09,Clothing,East,29151,4291.29
2025-07-09,Clothing,West,47185,4893.04
2025-07-09,Clothing,North,19241,4580.92
2025-07-09,Groceries,East,5100,991.12
2025-07-09,Groceries,West,36185,3500.54
2025-07-09,Groceries,North,22363,2219.94
2025-07-10,Electronics,East,8468,978.8
2025-07-10,Electronics,West,33078,6017.84
2025-07-10,Electronics,North,42884,5504.21
2025-07-10,Clothing,East,26469,5368.63
2025-07-10,Clothing,West,39469,3100.61
2025-07-10,Clothing,North,24067,6290.62
2025-07-10,Groceries,East,41459,3861.15
2025-07-10,Groceries,West,45144,10224.98
2025-07-10,Groceries,North,20493,5731.29
2025-07-11,Electronics,East,39677,2824.53
2025-07-11,Electronics,West,9778,1254.48
2025-07-11,Electronics,North,16635,2101.75
2025-07-11,Clothing,East,12996,1862.67
2025-07-11,Clothing,West,10264,1823.98
2025-07-11,Clothing,North,28409,5656.42
2025-07-11,Groceries,East,38670,5643.02
2025-07-11,Groceries,West,13173,2261.38
2025-07-11,Groceries,North,36217,8089.37
2025-07-12,Electronics,East,43287,12236.1
2025-07-12,Electronics,West,12353,2331.36
2025-07-12,Electronics,North,33089,4043.76
2025-07-12,Clothing,East,13261,1705.96
2025-07-12,Clothing,West,30556,6259.47
2025-07-12,Clothing,North,24529,7063.38
2025-07-12,Groceries,East,32759,2756.14
2025-07-12,Groceries,West,26162,7612.02
2025-07-12,Groceries,North,34124,7277.54
2025-07-13,Electronics,East,27813,6151.52
2025-07-13,Electronics,West,28238,6425.15
2025-07-13,Electronics,North,30088,5180.4
2025-07-13,Clothing,East,6417,1227.89
2025-07-13,Clothing,West,15452,1900.94
2025-07-13,Clothing,North,19012,2019.28
2025-07-13,Groceries,East,19918,1833.5
2025-07-13,Groceries,West,30971,5928.24
2025-07-13,Groceries,North,33460,6271.46
2025-07-14,Electronics,East,8419,1626.37
2025-07-14,Electronics,West,18556,4523.55
2025-07-14,Electronics,North,25042,4645.56
2025-07-14,Clothing,East,3726,894.24
2025-07-14,Clothing,West,29925,5583.66
2025-07-14,Clothing,North,28862,2182.09
2025-07-14,Groceries,East,43839,10426.51
2025-07-14,Groceries,West,20510,5511.09
2025-07-14,Groceries,North,3112,505.49
2025-07-15,Electronics,East,23844,6331.77
2025-07-15,Electronics,West,6700,1070.44
2025-07-15,Electronics,North,8693,2120.29
2025-07-15,Clothing,East,16528,1693.62
2025-07-15,Clothing,West,49340,9719.04
2025-07-15,Clothing,North,23978,6360.46
2025-07-15,Groceries,East,40994,8534.65
2025-07-15,Groceries,West,11877,2423.36
2025-07-15,Groceries,North,14541,3684.43
2025-07-16,Electronics,East,4890,941.42
2025-07-16,Electronics,West,35883,4315.69
2025-07-16,Electronics,North,36308,3343.76
2025-07-16,Clothing,East,47140,5805.7
2025-07-16,Clothing,West,38534,4502.15
2025-07-16,Clothing,North,34712,10287.67
2025-07-16,Groceries,East,45518,11552.25
2025-07-16,Groceries,West,9885,2873.5
2025-07-16,Groceries,North,27974,7824.11
2025-07-17,Electronics,East,19174,5114.89
2025-07-17,Electronics,West,9315,2099.2
2025-07-17,Electronics,North,9696,1090.02
2025-07-17,Clothing,East,47621,6215.69
2025-07-17,Clothing,West,17223,4139.86
2025-07-17,Clothing,North,45317,6714.85
2025-07-17,Groceries,East,10317,2005.17
2025-07-17,Groceries,West,18610,3851.4
2025-07-17,Groceries,North,25587,4170.63
2025-07-18,Electronics,East,42525,10573.83
2025-07-18,Electronics,West,7101,1070.21
2025-07-18,Electronics,North,19233,4301.96
2025-07-18,Clothing,East,25187,4122.45
2025-07-18,Clothing,West,32984,4348.03
2025-07-18,Clothing,North,1162,310.52
2025-07-18,Groceries,East,49019,3592.38
2025-07-18,Groceries,West,31044,6479.2
2025-07-18,Groceries,North,46697,6516.83
2025-07-19,Electronics,East,5150,1281.94
2025-07-19,Electronics,West,27064,2827.04
2025-07-19,Electronics,North,29157,7470.37
2025-07-19,Clothing,East,33421,3914.74
2025-07-19,Clothing,West,19585,2632.98
2025-07-19,Clothing,North,38875,3212.96
2025-07-19,Groceries,East,32807,8105.82
2025-07-19,Groceries,West,45731,11001.21
2025-07-19,Groceries,North,4010,300.32
2025-07-20,Electronics,East,31119,1682.61
2025-07-20,Electronics,West,11353,1820.13
2025-07-20,Electronics,North,1044,311.07
2025-07-20,Clothing,East,29036,2920.43
2025-07-20,Clothing,West,46127,12793.41
2025-07-20,Clothing,North,43598,5470.08
2025-07-20,Groceries,East,18958,1390.28
2025-07-20,Groceries,West,24621,2772.26
2025-07-20,Groceries,North,25369,5482.93
2025-07-21,Electronics,East,43527,3977.55
2025-07-21,Electronics,West,26974,5567.46
2025-07-21,Electronics,North,48578,10923.27
2025-07-21,Clothing,East,16344,2571.04
2025-07-21,Clothing,West,6976,1576.05
2025-07-21,Clothing,North,1071,110.69
2025-07-21,Groceries,East,6107,507.95
2025-07-21,Groceries,West,15823,2845.94
2025-07-21,Groceries,North,30167,1578.39
2025-07-22,Electronics,East,46586,6330.74
2025-07-22,Electronics,West,8903,2644.54
2025-07-22,Electronics,North,28676,6409.31
2025-07-22,Clothing,East,32306,2187.34
2025-07-22,Clothing,West,26104,1888.17
2025-07-22,Clothing,North,7712,584.57
2025-07-22,Groceries,East,25088,6779.96
2025-07-22,Groceries,West,9986,1454.76
2025-07-22,Groceries,North,9725,2046.08
2025-07-23,Electronics,East,45376,3889.33
2025-07-23,Electronics,West,35767,6825.16
2025-07-23,Electronics,North,40997,8712.07
2025-07-23,Clothing,East,29842,4112.14
2025-07-23,Clothing,West,14962,3097.43
2025-07-23,Clothing,North,10920,3057.31
2025-07-23,Groceries,East,41375,9170.42
2025-07-23,Groceries,West,15237,1092.07
2025-07-23,Groceries,North,7584,644.66
2025-07-24,Electronics,East,9071,1790.56
2025-07-24,Electronics,West,26167,3608.01
2025-07-24,Electronics,North,29140,3748.16
2025-07-24,Clothing,East,10163,1137.71
2025-07-24,Clothing,West,43245,3073.08
2025-07-24,Clothing,North,37267,7462.71
2025-07-24,Groceries,East,48263,9744.22
2025-07-24,Groceries,West,46251,2622.71
2025-07-24,Groceries,North,44149,11874.17
2025-07-25,Electronics,East,14464,2595.38
2025-07-25,Electronics,West,34392,3341.58
2025-07-25,Electronics,North,26673,3304.4
2025-07-25,Clothing,East,4576,1125.47
2025-07-25,Clothing,West,16685,2898.55
2025-07-25,Clothing,North,8388,924.95
2025-07-25,Groceries,East,42817,8498.42
2025-07-25,Groceries,West,35621,9695.36
2025-07-25,Groceries,North,1790,531.13
2025-07-26,Electronics,East,21740,1804.33
2025-07-26,Electronics,West,38249,5936.85
2025-07-26,Electronics,North,36806,8124.39
2025-07-26,Clothing,East,31868,9197.53
2025-07-26,Clothing,West,5783,313.28
2025-07-26,Clothing,North,5425,289.96
2025-07-26,Groceries,East,15138,907.62
2025-07-26,Groceries,West,4962,1424.94
2025-07-26,Groceries,North,27081,4783.93
2025-07-27,Electronics,East,42194,9626.87
2025-07-27,Electronics,West,28225,4400.1
2025-07-27,Electronics,North,27363,1932.02
2025-07-27,Clothing,East,36164,6669.14
2025-07-27,Clothing,West,11006,1313.75
2025-07-27,Clothing,North,21310,1486.49
2025-07-27,Groceries,East,14316,4202.87
2025-07-27,Groceries,West,11182,2058.58
2025-07-27,Groceries,North,26606,5230.99
2025-07-28,Electronics,East,43587,9600.64
2025-07-28,Electronics,West,5332,680.06
2025-07-28,Electronics,North,29671,6898.2
2025-07-28,Clothing,East,16639,1072.82
2025-07-28,Clothing,West,6650,1869.69
2025-07-28,Clothing,North,8601,1404.91
2025-07-28,Groceries,East,40900,2607.67
2025-07-28,Groceries,West,44652,10512.12
2025-07-28,Groceries,North,49539,4652.28
2025-07-29,Electronics,East,1830,415.36
2025-07-29,Electronics,West,46973,2481.94
2025-07-29,Electronics,North,33532,9665.73
2025-07-29,Clothing,East,35275,6325.01
2025-07-29,Clothing,West,48236,5538.06
2025-07-29,Clothing,North,25370,2073.56
2025-07-29,Groceries,East,18613,4341.18
2025-07-29,Groceries,West,8736,2121.6
2025-07-29,Groceries,North,2923,390.96
2025-07-30,Electronics,East,29136,3437.91
2025-07-30,Electronics,West,5185,600.1
2025-07-30,Electronics,North,38791,8025.21
2025-07-30,Clothing,East,33515,5489.74
2025-07-30,Clothing,West,24601,1571.01
2025-07-30,Clothing,North,38151,3499.22
2025-07-30,Groceries,East,11309,1286.73
2025-07-30,Groceries,West,7743,2118.23
2025-07-30,Groceries,North,45179,10422.55
2025-07-31,Electronics,East,15968,3755.59
2025-07-31,Electronics,West,1168,71.26
2025-07-31,Electronics,North,1805,200.6
2025-07-31,Clothing,East,31917,4500.11
2025-07-31,Clothing,West,10835,1026.51
2025-07-31,Clothing,North,3317,624.31
2025-07-31,Groceries,East,47794,11239.55
2025-07-31,Groceries,West,28483,3022.87
2025-07-31,Groceries,North,17270,2660.69
